[
  {
    "model": "suggestor.classlevel",
    "pk": 1,
    "fields": {
      "code": "1",
      "name": "Creche"
    }
  },
  {
    "model": "suggestor.classlevel",
    "pk": 2,
    "fields": {
      "code": "2",
      "name": "Nursery"
    }
  },
  {
    "model": "suggestor.classlevel",
    "pk": 3,
    "fields": {
      "code": "3",
      "name": "KG1"
    }
  },
  {
    "model": "suggestor.classlevel",
    "pk": 4,
    "fields": {
      "code": "4",
      "name": "KG2"
    }
  },
  {
    "model": "suggestor.classlevel",
    "pk": 5,
    "fields": {
      "code": "5",
      "name": "Class 1"
    }
  },
  {
    "model": "suggestor.classlevel",
    "pk": 6,
    "fields": {
      "code": "6",
      "name": "Class 2"
    }
  },
  {
    "model": "suggestor.classlevel",
    "pk": 7,
    "fields": {
      "code": "7",
      "name": "Class 3"
    }
  },
  {
    "model": "suggestor.subject",
    "pk": 1,
    "fields": {
      "class_level": 3,
      "title": "Language and Literacy"
    }
  },
  {
    "model": "suggestor.subject",
    "pk": 2,
    "fields": {
      "class_level": 3,
      "title": "Numeracy"
    }
  },
  {
    "model": "suggestor.subject",
    "pk": 3,
    "fields": {
      "class_level": 3,
      "title": "Our World Our People"
    }
  },
  {
    "model": "suggestor.subject",
    "pk": 4,
    "fields": {
      "class_level": 3,
      "title": "Creative Arts"
    }
  },
  {
    "model": "suggestor.subject",
    "pk": 5,
    "fields": {
      "class_level": 4,
      "title": "Language and Literacy"
    }
  },
  {
    "model": "suggestor.subject",
    "pk": 6,
    "fields": {
      "class_level": 4,
      "title": "Numeracy"
    }
  },
  {
    "model": "suggestor.subject",
    "pk": 7,
    "fields": {
      "class_level": 4,
      "title": "Our World Our People"
    }
  },
  {
    "model": "suggestor.subject",
    "pk": 8,
    "fields": {
      "class_level": 4,
      "title": "Creative Arts"
    }
  },
  {
    "model": "suggestor.theme",
    "pk": 1,
    "fields": {
      "title": "All About Me"
    }
  },
  {
    "model": "suggestor.theme",
    "pk": 2,
    "fields": {
      "title": "My Family"
    }
  },
  {
    "model": "suggestor.theme",
    "pk": 3,
    "fields": {
      "title": "Values and Beliefs"
    }
  },
  {
    "model": "suggestor.theme",
    "pk": 4,
    "fields": {
      "title": "My Local Community"
    }
  },
  {
    "model": "suggestor.theme",
    "pk": 5,
    "fields": {
      "title": "My Nation Ghana"
    }
  },
  {
    "model": "suggestor.theme",
    "pk": 6,
    "fields": {
      "title": "All Around Us"
    }
  },
  {
    "model": "suggestor.theme",
    "pk": 7,
    "fields": {
      "title": "My Global Community"
    }
  },
  {
    "model": "suggestor.keylearningarea",
    "pk": 1,
    "fields": {
      "title": "Oral Language"
    }
  },
  {
    "model": "suggestor.keylearningarea",
    "pk": 2,
    "fields": {
      "title": "Print Awareness"
    }
  },
  {
    "model": "suggestor.keylearningarea",
    "pk": 3,
    "fields": {
      "title": "Listening Comprehension and Vocabulary"
    }
  },
  {
    "model": "suggestor.keylearningarea",
    "pk": 4,
    "fields": {
      "title": "Phonemic Awareness and Alphabetic Knowledge"
    }
  },
  {
    "model": "suggestor.keylearningarea",
    "pk": 5,
    "fields": {
      "title": "Phonics"
    }
  },
  {
    "model": "suggestor.keylearningarea",
    "pk": 6,
    "fields": {
      "title": "Writing"
    }
  },
  {
    "model": "suggestor.keylearningarea",
    "pk": 7,
    "fields": {
      "title": "Number and Operations"
    }
  },
  {
    "model": "suggestor.keylearningarea",
    "pk": 8,
    "fields": {
      "title": "Algebra and Patterns"
    }
  },
  {
    "model": "suggestor.keylearningarea",
    "pk": 9,
    "fields": {
      "title": "Geometry and Measurement"
    }
  },
  {
    "model": "suggestor.keylearningarea",
    "pk": 10,
    "fields": {
      "title": "Data Handling"
    }
  },
  {
    "model": "suggestor.keylearningarea",
    "pk": 11,
    "fields": {
      "title": "Visual Arts"
    }
  },
  {
    "model": "suggestor.keylearningarea",
    "pk": 12,
    "fields": {
      "title": "Performing Arts"
    }
  },
  {
    "model": "suggestor.corecompetency",
    "pk": 1,
    "fields": {
      "title": "Critical Thinking and Problem Solving"
    }
  },
  {
    "model": "suggestor.corecompetency",
    "pk": 2,
    "fields": {
      "title": "Creativity and Innovation"
    }
  },
  {
    "model": "suggestor.corecompetency",
    "pk": 3,
    "fields": {
      "title": "Communication and Collaboration"
    }
  },
  {
    "model": "suggestor.corecompetency",
    "pk": 4,
    "fields": {
      "title": "Cultural Identity and Global Citizenship"
    }
  },
  {
    "model": "suggestor.corecompetency",
    "pk": 5,
    "fields": {
      "title": "Personal Development and Leadership"
    }
  },
  {
    "model": "suggestor.corecompetency",
    "pk": 6,
    "fields": {
      "title": "Digital Literacy"
    }
  },
  {
    "model": "suggestor.strand",
    "pk": 1,
    "fields": {
      "class_level": 3,
      "subject": 3,
      "term": 1,
      "title": "All About Me",
      "slug": "all-about-me",
      "themes": [1],
      "key_learning_areas": [1, 2, 3],
      "competencies": [3, 5]
    }
  },
  {
    "model": "suggestor.strand",
    "pk": 2,
    "fields": {
      "class_level": 3,
      "subject": 3,
      "term": 1,
      "title": "My Family",
      "slug": "my-family",
      "themes": [2],
      "key_learning_areas": [1, 2, 3],
      "competencies": [3, 4, 5]
    }
  },
  {
    "model": "suggestor.strand",
    "pk": 3,
    "fields": {
      "class_level": 3,
      "subject": 3,
      "term": 2,
      "title": "Values and Beliefs",
      "slug": "values-and-beliefs",
      "themes": [3],
      "key_learning_areas": [1, 2, 3],
      "competencies": [3, 4, 5]
    }
  },
  {
    "model": "suggestor.strand",
    "pk": 4,
    "fields": {
      "class_level": 3,
      "subject": 3,
      "term": 2,
      "title": "My Local Community",
      "slug": "my-local-community",
      "themes": [4],
      "key_learning_areas": [1, 2, 3],
      "competencies": [3, 4, 5]
    }
  },
  {
    "model": "suggestor.strand",
    "pk": 5,
    "fields": {
      "class_level": 3,
      "subject": 3,
      "term": 2,
      "title": "My Nation Ghana",
      "slug": "my-nation-ghana",
      "themes": [5],
      "key_learning_areas": [1, 2, 3],
      "competencies": [3, 4, 5]
    }
  },
  {
    "model": "suggestor.strand",
    "pk": 6,
    "fields": {
      "class_level": 3,
      "subject": 3,
      "term": 3,
      "title": "All Around Us",
      "slug": "all-around-us",
      "themes": [6],
      "key_learning_areas": [1, 2, 3],
      "competencies": [1, 2, 3, 5]
    }
  },
  {
    "model": "suggestor.strand",
    "pk": 7,
    "fields": {
      "class_level": 3,
      "subject": 3,
      "term": 3,
      "title": "My Global Community",
      "slug": "my-global-community",
      "themes": [7],
      "key_learning_areas": [1, 2, 3],
      "competencies": [3, 4, 6]
    }
  }, 
  {
    "model": "suggestor.substrand",
    "pk": 1,
    "fields": {
      "strand": 1,
      "title": "I am a wonderful and unique creation",
      "slug": "i-am-a-wonderful-and-unique-creation"
    }
  },
  {
    "model": "suggestor.substrand",
    "pk": 2,
    "fields": {
      "strand": 1,
      "title": "The parts of the human body and their functions",
      "slug": "the-parts-of-the-human-body-and-their-functions"
    }
  },
  {
    "model": "suggestor.substrand",
    "pk": 3,
    "fields": {
      "strand": 1,
      "title": "Caring for the parts of my body",
      "slug": "caring-for-the-parts-of-my-body"
    }
  },
  {
    "model": "suggestor.substrand",
    "pk": 4,
    "fields": {
      "strand": 1,
      "title": "Keeping my body healthy by eating good food and taking my vaccination",
      "slug": "keeping-my-body-healthy-by-eating-good-food-and-taking-my-vaccination"
    }
  },
  {
    "model": "suggestor.substrand",
    "pk": 5,
    "fields": {
      "strand": 1,
      "title": "My environment and my Health",
      "slug": "my-environment-and-my-health"
    }
  },
  {
    "model": "suggestor.substrand",
    "pk": 6,
    "fields": {
      "strand": 1,
      "title": "Protecting ourselves from home and road accidents",
      "slug": "protecting-ourselves-from-home-and-road-accidents"
    }
  },
  {
    "model": "suggestor.substrand",
    "pk": 7,
    "fields": {
      "strand": 2,
      "title": "Types and members of my family",
      "slug": "types-and-members-of-my-family"
    }
  },
  {
    "model": "suggestor.substrand",
    "pk": 8,
    "fields": {
      "strand": 2,
      "title": "Origin and History of my Family",
      "slug": "origin-and-history-of-my-family"
    }
  },
  {
    "model": "suggestor.substrand",
    "pk": 9,
    "fields": {
      "strand": 2,
      "title": "Family Celebrations and Festivals",
      "slug": "family-celebrations-and-festivals"
    }
  },
  {
    "model": "suggestor.substrand",
    "pk": 10,
    "fields": {
      "strand": 2,
      "title": "My school family-rules and regulations",
      "slug": "my-school-family-rules-and-regulations"
    }
  }, 
  {
    "model": "suggestor.contentstandard",
    "pk": 1,
    "fields": {
      "substrand": 1,
      "code": "K1.1.1.1",
      "description": "Demonstrate the understanding that all learners are wonderful and have unique body features that make them different from other people and other God's creation in the environment.",
      "competencies": [5, 3],
      "goals": [1]
    }
  },
  {
    "model": "suggestor.contentstandard",
    "pk": 2,
    "fields": {
      "substrand": 2,
      "code": "K1.1.2.1",
      "description": "Demonstrate the understanding of appropriate names of the parts of the body and describe the functions of each part.",
      "competencies": [3, 1, 5],
      "goals": [1, 2]
    }
  },
  {
    "model": "suggestor.contentstandard",
    "pk": 3,
    "fields": {
      "substrand": 3,
      "code": "K1.1.3.1",
      "description": "Demonstrate understanding of the importance of personal hygiene and how to care for my body parts e.g. hand, feet finger nails-washing, face washing, nose",
      "competencies": [3, 5],
      "goals": [1, 2]
    }
  },
  {
    "model": "suggestor.contentstandard",
    "pk": 4,
    "fields": {
      "substrand": 4,
      "code": "K1.1.4.1",
      "description": "Demonstrate the understanding that eating good food and taking all my childhood vaccinations will keep me growing healthy and strong.",
      "competencies": [3, 5, 1],
      "goals": [1, 2]
    }
  },
  {
    "model": "suggestor.contentstandard",
    "pk": 5,
    "fields": {
      "substrand": 5,
      "code": "K1.1.5.1",
      "description": "Demonstrate understanding of how keeping our home and school environment clean can keep us healthy and strong.",
      "competencies": [3, 5, 1, 2],
      "goals": [1, 2]
    }
  }, 
  {
    "model": "suggestor.indicator",
    "pk": 1,
    "fields": {
      "standard": 1,
      "code": "K1.1.1.1.1",
      "description": "Identify and talk in simple sentences, about the features of our body that make us unique and different from other God's creation. E.g. animals",
      "competencies": [5, 3],
      "goals": [1]
    }
  },
  {
    "model": "suggestor.indicator",
    "pk": 2,
    "fields": {
      "standard": 1,
      "code": "K1.1.1.1.2",
      "description": "Sing an action song that helps learners name the parts of the body and point to them",
      "competencies": [5, 3, 2],
      "goals": [1]
    }
  },
  {
    "model": "suggestor.indicator",
    "pk": 3,
    "fields": {
      "standard": 1,
      "code": "K1.1.1.1.3",
      "description": "Recognize and talk about the different parts of book, (the front/ cover page of a book and back of a book) and relate the content of the text to our body parts.",
      "competencies": [5, 3, 1, 2],
      "goals": [1]
    }
  },
  {
    "model": "suggestor.indicator",
    "pk": 4,
    "fields": {
      "standard": 2,
      "code": "K1.1.2.1.1",
      "description": "Using a conversation poster of body parts, learners talk about the functions of the parts of the human body that we can see.",
      "competencies": [3, 1, 5],
      "goals": [1, 2]
    }
  },
  {
    "model": "suggestor.indicator",
    "pk": 5,
    "fields": {
      "standard": 3,
      "code": "K1.1.3.1.1",
      "description": "Sing songs and recite rhymes about how we take care of each part of the body and demonstrate how to do it. e.g. This is the way we wash our face...",
      "competencies": [3, 5],
      "goals": [1, 2]
    }
  },
  {
    "model": "suggestor.tlr",
    "pk": 1,
    "fields": {
      "class_level": 3,
      "subject": 3,
      "term": 1,
      "strand": 1,
      "substrand": 1,
      "indicator": 1,
      "standard": 1,
      "themes": [1],
      "key_learning_areas": [1, 2],
      "competencies": [5, 3],
      "resource_types": [1, 2],
      "goals": [1],
      "title": "Body Parts Identification Game",
      "brief_description": "Interactive game using pictures and songs to help learners identify and appreciate their unique body features",
      "materials": [1, 2, 3],
      "time_needed": "core",
      "steps_to_make": "1. Prepare picture cards of different body parts\n2. Create a simple song about body parts\n3. Set up a circle for learners to sit\n4. Prepare a ball for the passing game",
      "tips_for_use": "Use positive language throughout the activity. Encourage all learners to participate. Model the description first before asking learners to do so.",
      "intended_use": "intro",
      "tlr_type": "game",
      "special_needs": [1, 2],
      "learning_styles": [1, 2, 3],
      "class_size": "medium",
      "bloom_level": "remember",
      "budget_band": "low",
      "learning_outcome": "Learners will be able to identify and describe their unique body features using positive language",
      "search_keywords": "body parts, self-awareness, uniqueness, identity, KG1",
      "slug": "body-parts-identification-game",
      "is_published": true,
      "download_count": 0,
      "last_updated": "2024-01-01T00:00:00Z"
    }
  },
  {
    "model": "suggestor.tlr",
    "pk": 2,
    "fields": {
      "class_level": 3,
      "subject": 1,
      "term": 1,
      "strand": 1,
      "substrand": 2,
      "indicator": 4,
      "standard": 2,
      "themes": [1],
      "key_learning_areas": [1, 3],
      "competencies": [3, 1, 5],
      "resource_types": [3, 6],
      "goals": [1, 2],
      "title": "Body Functions Action Poster",
      "brief_description": "Large conversational poster showing body parts and their functions with interactive elements",
      "materials": [1, 2, 5],
      "time_needed": "core",
      "steps_to_make": "1. Draw or paste pictures of body parts on large manila card\n2. Add arrows pointing to each part\n3. Write simple function descriptions\n4. Laminate for durability\n5. Add velcro strips for interactive elements",
      "tips_for_use": "Point to each body part while explaining its function. Have learners demonstrate the functions. Use both local language and English.",
      "intended_use": "aid",
      "tlr_type": "poster",
      "special_needs": [3, 4],
      "learning_styles": [1, 3],
      "class_size": "large",
      "bloom_level": "understand",
      "budget_band": "medium",
      "learning_outcome": "Learners will understand and explain the functions of different body parts",
      "search_keywords": "body functions, poster, visual aid, interactive, KG1",
      "slug": "body-functions-action-poster",
      "is_published": true,
      "download_count": 0,
      "last_updated": "2024-02-01T00:00:00Z"
    }
  },
  {
    "model": "suggestor.tlr",
    "pk": 3,
    "fields": {
      "class_level": 3,
      "subject": 4,
      "term": 1,
      "strand": 1,
      "substrand": 3,
      "indicator": 5,
      "standard": 3,
      "themes": [1],
      "key_learning_areas": [11, 12],
      "competencies": [3, 5, 2],
      "resource_types": [6],
      "goals": [1, 2],
      "title": "Personal Hygiene Song and Dance",
      "brief_description": "Musical activity combining songs, rhymes and dance movements to teach body care habits",
      "materials": [2],
      "time_needed": "short",
      "steps_to_make": "1. Prepare lyrics for hygiene songs\n2. Create simple dance movements for each verse\n3. Practice the song rhythm\n4. Prepare props if needed (pretend soap, toothbrush)",
      "tips_for_use": "Start with familiar tunes. Repeat the songs multiple times. Encourage all learners to participate in movements. Connect songs to real hygiene practices.",
      "intended_use": "intro",
      "tlr_type": "audio",
      "special_needs": [4, 5],
      "learning_styles": [2, 3, 5],
      "class_size": "large",
      "bloom_level": "apply",
      "budget_band": "none",
      "learning_outcome": "Learners will demonstrate proper hygiene practices through song and movement",
      "search_keywords": "hygiene, songs, dance, body care, habits, KG1",
      "slug": "personal-hygiene-song-and-dance",
      "is_published": true,
      "download_count": 0,
      "last_updated": "2024-01-01T00:00:00Z"
    }
  }, 
  {
    "model": "suggestor.resourcetype",
    "pk": 1,
    "fields": {
      "title": "Poster"
    }
  },
  {
    "model": "suggestor.resourcetype",
    "pk": 2,
    "fields": {
      "title": "Flashcards"
    }
  },
  {
    "model": "suggestor.resourcetype",
    "pk": 3,
    "fields": {
      "title": "Manipulatives"
    }
  },
  {
    "model": "suggestor.resourcetype",
    "pk": 4,
    "fields": {
      "title": "Charts"
    }
  },
  {
    "model": "suggestor.resourcetype",
    "pk": 5,
    "fields": {
      "title": "Storybooks"
    }
  },
  {
    "model": "suggestor.resourcetype",
    "pk": 6,
    "fields": {
      "title": "Games"
    }
  },
  {
    "model": "suggestor.goaltag",
    "pk": 1,
    "fields": {
      "title": "Introduce"
    }
  },
  {
    "model": "suggestor.goaltag",
    "pk": 2,
    "fields": {
      "title": "Reinforce"
    }
  },
  {
    "model": "suggestor.goaltag",
    "pk": 3,
    "fields": {
      "title": "Assess"
    }
  },
  {
    "model": "suggestor.material",
    "pk": 13,
    "fields": {
      "name": "Big Books"
    }
  },
  {
    "model": "suggestor.material",
    "pk": 14,
    "fields": {
      "name": "Conversational Posters"
    }
  },
  {
    "model": "suggestor.material",
    "pk": 15,
    "fields": {
      "name": "Letter Cards"
    }
  },
  {
    "model": "suggestor.material",
    "pk": 16,
    "fields": {
      "name": "Word Cards"
    }
  },
  {
    "model": "suggestor.material",
    "pk": 17,
    "fields": {
      "name": "Flash Cards"
    }
  },
  {
    "model": "suggestor.material",
    "pk": 18,
    "fields": {
      "name": "Cut-out Shapes"
    }
  },
  {
    "model": "suggestor.material",
    "pk": 19,
    "fields": {
      "name": "Rubber Band"
    }
  },
  {
    "model": "suggestor.material",
    "pk": 20,
    "fields": {
      "name": "Number Cards"
    }
  },
  {
    "model": "suggestor.material",
    "pk": 21,
    "fields": {
      "name": "Musical Instruments"
    }
  },
  {
    "model": "suggestor.material",
    "pk": 22,
    "fields": {
      "name": "Dress-up Clothes"
    }
  },
  {
    "model": "suggestor.material",
    "pk": 23,
    "fields": {
      "name": "Empty Cans/Tins"
    }
  },
  {
    "model": "suggestor.material",
    "pk": 24,
    "fields": {
      "name": "Rope/Thread/String"
    }
  },
  {
    "model": "suggestor.material",
    "pk": 25,
    "fields": {
      "name": "Balloons"
    }
  },
  {
    "model": "suggestor.material",
    "pk": 26,
    "fields": {
      "name": "Seeds"
    }
  },
  {
    "model": "suggestor.material",
    "pk": 27,
    "fields": {
      "name": "Small Plants"
    }
  },
  {
    "model": "suggestor.material",
    "pk": 28,
    "fields": {
      "name": "Food Items"
    }
  },
  {
    "model": "suggestor.material",
    "pk": 29,
    "fields": {
      "name": "Water Containers"
    }
  },
  {
    "model": "suggestor.material",
    "pk": 30,
    "fields": {
      "name": "Measuring Tools"
    }
  },
  {
    "model": "suggestor.specialneed",
    "pk": 1,
    "fields": {
      "name": "Dyslexia",
      "description": "Difficulty reading and decoding words"
    }
  },
  {
    "model": "suggestor.specialneed",
    "pk": 2,
    "fields": {
      "name": "ADHD",
      "description": "Attention deficit, trouble focusing"
    }
  },
  {
    "model": "suggestor.specialneed",
    "pk": 3,
    "fields": {
      "name": "Visual Impairment",
      "description": "Low vision or blindness"
    }
  },
  {
    "model": "suggestor.specialneed",
    "pk": 4,
    "fields": {
      "name": "Hearing Impairment",
      "description": "Partial or full hearing loss"
    }
  },
  {
    "model": "suggestor.specialneed",
    "pk": 5,
    "fields": {
      "name": "Autism Spectrum",
      "description": "Neurodiverse needs related to interaction and focus"
    }
  },
  {
    "model": "suggestor.specialneed",
    "pk": 6,
    "fields": {
      "name": "Other",
      "description": "Any other learning need not listed"
    }
  },
  {
    "model": "suggestor.learningstyle",
    "pk": 1,
    "fields": {
      "name": "Visual",
      "description": "Prefers diagrams, images, charts"
    }
  },
  {
    "model": "suggestor.learningstyle",
    "pk": 2,
    "fields": {
      "name": "Auditory",
      "description": "Learns better through listening"
    }
  },
  {
    "model": "suggestor.learningstyle",
    "pk": 3,
    "fields": {
      "name": "Kinesthetic",
      "description": "Prefers hands-on activities"
    }
  },
  {
    "model": "suggestor.learningstyle",
    "pk": 4,
    "fields": {
      "name": "Read/Write",
      "description": "Learns best through reading and writing"
    }
  },
  {
    "model": "suggestor.learningstyle",
    "pk": 5,
    "fields": {
      "name": "Multimodal",
      "description": "Uses a combination of learning styles"
    }
  }, 
  {
    "model": "suggestor.goaltag",
    "pk": 4,
    "fields": {
      "title": "Formative Assessment"
    }
  },
  {
    "model": "suggestor.goaltag",
    "pk": 5,
    "fields": {
      "title": "Summative Assessment"
    }
  },
  {
    "model": "suggestor.goaltag",
    "pk": 6,
    "fields": {
      "title": "Review"
    }
  },
  {
    "model": "suggestor.goaltag",
    "pk": 7,
    "fields": {
      "title": "Practice"
    }
  },
  {
    "model": "suggestor.goaltag",
    "pk": 8,
    "fields": {
      "title": "Extension"
    }
  },
  {
    "model": "suggestor.resourcetype",
    "pk": 7,
    "fields": {
      "title": "Audio Resources"
    }
  },
  {
    "model": "suggestor.resourcetype",
    "pk": 8,
    "fields": {
      "title": "Video Resources"
    }
  },
  {
    "model": "suggestor.resourcetype",
    "pk": 9,
    "fields": {
      "title": "Digital Resources"
    }
  },
  {
    "model": "suggestor.resourcetype",
    "pk": 10,
    "fields": {
      "title": "Physical Objects"
    }
  },
  {
    "model": "suggestor.resourcetype",
    "pk": 11,
    "fields": {
      "title": "Reading Materials"
    }
  },
  {
    "model": "suggestor.resourcetype",
    "pk": 12,
    "fields": {
      "title": "Assessment Tools"
    }
  },
  {
    "model": "suggestor.substrand",
    "pk": 11,
    "fields": {
      "strand": 3,
      "title": "Our Family Values",
      "slug": "our-family-values"
    }
  },
  {
    "model": "suggestor.substrand",
    "pk": 12,
    "fields": {
      "strand": 3,
      "title": "Our Cultural and Family Values",
      "slug": "our-cultural-and-family-values"
    }
  },
  {
    "model": "suggestor.substrand",
    "pk": 13,
    "fields": {
      "strand": 3,
      "title": "Our Religious Values",
      "slug": "our-religious-values"
    }
  },
  {
    "model": "suggestor.substrand",
    "pk": 14,
    "fields": {
      "strand": 3,
      "title": "Our Beliefs",
      "slug": "our-beliefs"
    }
  },
  {
    "model": "suggestor.substrand",
    "pk": 15,
    "fields": {
      "strand": 4,
      "title": "Knowing the special places in our local community",
      "slug": "knowing-special-places-local-community"
    }
  },
  {
    "model": "suggestor.substrand",
    "pk": 16,
    "fields": {
      "strand": 4,
      "title": "Knowing the important people/occupation in our community",
      "slug": "knowing-important-people-occupation-community"
    }
  },
  {
    "model": "suggestor.substrand",
    "pk": 17,
    "fields": {
      "strand": 4,
      "title": "Knowing the special leaders in our community",
      "slug": "knowing-special-leaders-community"
    }
  },
  {
    "model": "suggestor.substrand",
    "pk": 18,
    "fields": {
      "strand": 5,
      "title": "History and celebration of Ghana's Independence",
      "slug": "history-celebration-ghana-independence"
    }
  },
  {
    "model": "suggestor.substrand",
    "pk": 19,
    "fields": {
      "strand": 6,
      "title": "Living and non-living things",
      "slug": "living-non-living-things"
    }
  },
  {
    "model": "suggestor.substrand",
    "pk": 20,
    "fields": {
      "strand": 6,
      "title": "Living things: Animals (Domestic and wild)",
      "slug": "living-things-animals-domestic-wild"
    }
  },
  {
    "model": "suggestor.substrand",
    "pk": 21,
    "fields": {
      "strand": 6,
      "title": "Water",
      "slug": "water"
    }
  },
  {
    "model": "suggestor.substrand",
    "pk": 22,
    "fields": {
      "strand": 6,
      "title": "Air",
      "slug": "air"
    }
  },
  {
    "model": "suggestor.substrand",
    "pk": 23,
    "fields": {
      "strand": 6,
      "title": "Plants - 1",
      "slug": "plants-1"
    }
  },
  {
    "model": "suggestor.substrand",
    "pk": 24,
    "fields": {
      "strand": 6,
      "title": "Plants - 2",
      "slug": "plants-2"
    }
  },
  {
    "model": "suggestor.substrand",
    "pk": 25,
    "fields": {
      "strand": 6,
      "title": "Gardening",
      "slug": "gardening"
    }
  },
  {
    "model": "suggestor.substrand",
    "pk": 26,
    "fields": {
      "strand": 6,
      "title": "Light - Day and Night",
      "slug": "light-day-night"
    }
  },
  {
    "model": "suggestor.substrand",
    "pk": 27,
    "fields": {
      "strand": 6,
      "title": "Changing weather conditions",
      "slug": "changing-weather-conditions"
    }
  },
  {
    "model": "suggestor.substrand",
    "pk": 28,
    "fields": {
      "strand": 7,
      "title": "Connecting and communicating with the global community",
      "slug": "connecting-communicating-global-community"
    }
  },
  {
    "model": "suggestor.contentstandard",
    "pk": 6,
    "fields": {
      "substrand": 6,
      "code": "K1.1.6.1",
      "description": "Demonstrate understanding of measures to take to keep safe (from accidents, hurts, and harms).",
      "competencies": [3, 5, 1, 2],
      "goals": [1, 2]
    }
  },
  {
    "model": "suggestor.contentstandard",
    "pk": 7,
    "fields": {
      "substrand": 7,
      "code": "K1.2.1.1",
      "description": "Demonstrate understanding of the importance, roles and responsibilities of family members.",
      "competencies": [3, 4, 5],
      "goals": [1]
    }
  },
  {
    "model": "suggestor.contentstandard",
    "pk": 8,
    "fields": {
      "substrand": 8,
      "code": "K1.2.2.1",
      "description": "Demonstrate knowledge of the origin and history of our families.",
      "competencies": [3, 4, 1, 2],
      "goals": [1]
    }
  },
  {
    "model": "suggestor.contentstandard",
    "pk": 9,
    "fields": {
      "substrand": 9,
      "code": "K1.2.3.1",
      "description": "Demonstrate knowledge of celebrations and festivals that the individual families celebrate.",
      "competencies": [3, 4, 5, 2],
      "goals": [1]
    }
  },
  {
    "model": "suggestor.contentstandard",
    "pk": 10,
    "fields": {
      "substrand": 10,
      "code": "K1.2.4.1",
      "description": "Demonstrate understanding of the rules and regulations that governs the members of the school.",
      "competencies": [3, 5, 1, 2],
      "goals": [1, 2]
    }
  },
  {
    "model": "suggestor.contentstandard",
    "pk": 11,
    "fields": {
      "substrand": 11,
      "code": "K1.3.1.1",
      "description": "Demonstrate understanding of the good manners that our families values and why they value them.",
      "competencies": [3, 5],
      "goals": [1]
    }
  },
  {
    "model": "suggestor.contentstandard",
    "pk": 12,
    "fields": {
      "substrand": 12,
      "code": "K1.3.2.1",
      "description": "Demonstrate understanding of the virtues, good manners and behaviour patterns our community values and why.",
      "competencies": [3, 4, 5, 2],
      "goals": [1]
    }
  },
  {
    "model": "suggestor.contentstandard",
    "pk": 13,
    "fields": {
      "substrand": 13,
      "code": "K1.3.3.1",
      "description": "Demonstrate understanding of the religious and moral values and virtues we need to exhibit as good Christians and Muslims.",
      "competencies": [3, 4, 5, 1],
      "goals": [1]
    }
  },
  {
    "model": "suggestor.contentstandard",
    "pk": 14,
    "fields": {
      "substrand": 14,
      "code": "K1.3.4.1",
      "description": "Demonstrate understanding of and relating well with people with different beliefs.",
      "competencies": [3, 4, 5],
      "goals": [1]
    }
  },
  {
    "model": "suggestor.contentstandard",
    "pk": 15,
    "fields": {
      "substrand": 15,
      "code": "K1.4.1.1",
      "description": "Demonstrate understanding of the special places in our local communities.",
      "competencies": [3, 5, 4, 1],
      "goals": [1]
    }
  },
  {
    "model": "suggestor.indicator",
    "pk": 6,
    "fields": {
      "standard": 1,
      "code": "K1.1.1.1.4",
      "description": "Use new and positive expressions/vocabulary related to the parts of the body",
      "competencies": [5, 3, 1, 2],
      "goals": [1]
    }
  },
  {
    "model": "suggestor.indicator",
    "pk": 7,
    "fields": {
      "standard": 1,
      "code": "K1.1.1.1.5",
      "description": "Sing songs about the body parts and the letters of the alphabet and clap hands on the rhythm of the songs",
      "competencies": [3, 1],
      "goals": [1]
    }
  },
  {
    "model": "suggestor.indicator",
    "pk": 8,
    "fields": {
      "standard": 1,
      "code": "K1.1.1.1.6",
      "description": "Draw a beautiful picture of themselves and scribble freely underneath the picture paper",
      "competencies": [1, 2, 5],
      "goals": [1]
    }
  },
  {
    "model": "suggestor.indicator",
    "pk": 9,
    "fields": {
      "standard": 1,
      "code": "K1.1.1.1.7",
      "description": "Create sets of human parts that are similar and represent them with numbers up to 5.",
      "competencies": [1],
      "goals": [1]
    }
  },
  {
    "model": "suggestor.indicator",
    "pk": 10,
    "fields": {
      "standard": 2,
      "code": "K1.1.2.1.2",
      "description": "Use visual information to aid comprehension before, during and after reading a text on functions of the parts of the human body.",
      "competencies": [3, 1, 5],
      "goals": [1, 2]
    }
  },
  {
    "model": "suggestor.indicator",
    "pk": 11,
    "fields": {
      "standard": 2,
      "code": "K1.1.2.1.3",
      "description": "Learn and use new vocabulary related to what they do with the parts of the body",
      "competencies": [3],
      "goals": [1, 2]
    }
  },
  {
    "model": "suggestor.indicator",
    "pk": 12,
    "fields": {
      "standard": 2,
      "code": "K1.1.2.1.4",
      "description": "Count the number of the names of the body parts in songs through clapping on the rhythm",
      "competencies": [3, 1],
      "goals": [1, 2]
    }
  },
  {
    "model": "suggestor.indicator",
    "pk": 13,
    "fields": {
      "standard": 3,
      "code": "K1.1.3.1.2",
      "description": "Watch a short video clip and talk about how to care for the various parts of the body.",
      "competencies": [3, 5, 6],
      "goals": [1, 2]
    }
  },
  {
    "model": "suggestor.indicator",
    "pk": 14,
    "fields": {
      "standard": 3,
      "code": "K1.1.3.1.3",
      "description": "Talk about what we use in caring for the human body in our everyday life as they listen to a read aloud text.",
      "competencies": [3, 1],
      "goals": [1, 2]
    }
  },
  {
    "model": "suggestor.indicator",
    "pk": 15,
    "fields": {
      "standard": 4,
      "code": "K1.1.4.1.1",
      "description": "Learners talk about different types of food they eat at home and classify those that can make them grow healthy.",
      "competencies": [3, 5, 1],
      "goals": [1]
    }
  },
  {
    "model": "suggestor.strand",
    "pk": 8,
    "fields": {
      "class_level": 4,
      "subject": 7,
      "term": 1,
      "title": "All About Me",
      "slug": "kg2-all-about-me",
      "themes": [1],
      "key_learning_areas": [1, 2, 3],
      "competencies": [3, 5]
    }
  },
  {
    "model": "suggestor.strand",
    "pk": 9,
    "fields": {
      "class_level": 4,
      "subject": 7,
      "term": 1,
      "title": "My Family",
      "slug": "kg2-my-family",
      "themes": [2],
      "key_learning_areas": [1, 2, 3],
      "competencies": [3, 4, 5]
    }
  },
  {
    "model": "suggestor.strand",
    "pk": 10,
    "fields": {
      "class_level": 4,
      "subject": 7,
      "term": 2,
      "title": "Values and Beliefs",
      "slug": "kg2-values-and-beliefs",
      "themes": [3],
      "key_learning_areas": [1, 2, 3],
      "competencies": [3, 4, 5]
    }
  },
  {
    "model": "suggestor.strand",
    "pk": 11,
    "fields": {
      "class_level": 4,
      "subject": 7,
      "term": 2,
      "title": "My Local Community",
      "slug": "kg2-my-local-community",
      "themes": [4],
      "key_learning_areas": [1, 2, 3],
      "competencies": [3, 4, 5]
    }
  },
  {
    "model": "suggestor.strand",
    "pk": 12,
    "fields": {
      "class_level": 4,
      "subject": 7,
      "term": 2,
      "title": "My Nation Ghana",
      "slug": "kg2-my-nation-ghana",
      "themes": [5],
      "key_learning_areas": [1, 2, 3],
      "competencies": [3, 4, 5]
    }
  },
  {
    "model": "suggestor.strand",
    "pk": 13,
    "fields": {
      "class_level": 4,
      "subject": 7,
      "term": 3,
      "title": "All Around Us",
      "slug": "kg2-all-around-us",
      "themes": [6],
      "key_learning_areas": [1, 2, 3],
      "competencies": [1, 2, 3, 5]
    }
  },
  {
    "model": "suggestor.strand",
    "pk": 14,
    "fields": {
      "class_level": 4,
      "subject": 7,
      "term": 3,
      "title": "My Global Community",
      "slug": "kg2-my-global-community",
      "themes": [7],
      "key_learning_areas": [1, 2, 3],
      "competencies": [3, 4, 6]
    }
  },
  {
    "model": "suggestor.tlr",
    "pk": 4,
    "fields": {
      "class_level": 3,
      "subject": 2,
      "term": 1,
      "strand": 1,
      "substrand": 1,
      "indicator": 9,
      "standard": 1,
      "themes": [1],
      "key_learning_areas": [7],
      "competencies": [1],
      "resource_types": [3, 6],
      "goals": [1],
      "title": "Number Matching with Body Parts",
      "brief_description": "Counting and matching activity using body parts to teach numbers 1-5",
      "materials": [6, 8, 20],
      "time_needed": "short",
      "steps_to_make": "1. Collect bottle tops and pebbles\n2. Create number cards 1-5\n3. Draw body parts in sets\n4. Prepare matching game area",
      "tips_for_use": "Start with smaller numbers. Use real body parts first, then move to pictures. Encourage counting aloud.",
      "intended_use": "aid",
      "tlr_type": "manipulative",
      "special_needs": [1, 2],
      "learning_styles": [1, 3],
      "class_size": "small",
      "bloom_level": "apply",
      "budget_band": "none",
      "learning_outcome": "Learners will count and match body parts with correct numbers up to 5",
      "search_keywords": "counting, numbers, body parts, matching, KG1, numeracy",
      "slug": "number-matching-body-parts",
      "is_published": true,
      "download_count": 0,
      "last_updated": "2024-01-01T00:00:00Z"
    }
  },
  {
    "model": "suggestor.tlr",
    "pk": 5,
    "fields": {
      "class_level": 3,
      "subject": 3,
      "term": 1,
      "strand": 1,
      "substrand": 4,
      "indicator": 15,
      "standard": 4,
      "themes": [1],
      "key_learning_areas": [1, 3],
      "competencies": [3, 5, 1],
      "resource_types": [10, 11],
      "goals": [1],
      "title": "Healthy Food Classification Activity",
      "brief_description": "Hands-on activity to classify foods into the six food groups for healthy eating",
      "materials": [28, 1, 2, 18],
      "time_needed": "core",
      "steps_to_make": "1. Collect real food items or pictures\n2. Create six large circles for food groups\n3. Label each circle with food group name\n4. Prepare classification cards",
      "tips_for_use": "Use real foods when possible. Discuss why each food belongs in its group. Connect to foods learners eat at home.",
      "intended_use": "aid",
      "tlr_type": "manipulative",
      "special_needs": [3, 4],
      "learning_styles": [1, 3, 5],
      "class_size": "medium",
      "bloom_level": "analyze",
      "budget_band": "low",
      "learning_outcome": "Learners will classify foods into appropriate food groups and understand healthy eating",
      "search_keywords": "nutrition, food groups, health, classification, KG1",
      "slug": "healthy-food-classification-activity",
      "is_published": true,
      "download_count": 0,
      "last_updated": "2024-01-01T00:00:00Z"
    }
  },
  {
    "model": "suggestor.tlr",
    "pk": 6,
    "fields": {
      "class_level": 3,
      "subject": 1,
      "term": 1,
      "strand": 1,
      "substrand": 3,
      "indicator": 14,
      "standard": 3,
      "themes": [1],
      "key_learning_areas": [1, 2, 3],
      "competencies": [3, 1, 6],
      "resource_types": [7, 8],
      "goals": [1, 2],
      "title": "Digital Body Care Video and Discussion",
      "brief_description": "Interactive video lesson on body care followed by discussion and demonstration",
      "materials": [14],
      "time_needed": "core",
      "steps_to_make": "1. Prepare age-appropriate video on body care\n2. Create discussion questions\n3. Set up viewing area\n4. Prepare demonstration materials",
      "tips_for_use": "Pause video for discussions. Encourage questions. Follow up with real demonstrations. Connect to daily routines.",
      "intended_use": "intro",
      "tlr_type": "video",
      "special_needs": [3, 4],
      "learning_styles": [1, 2],
      "class_size": "large",
      "bloom_level": "understand",
      "budget_band": "none",
      "learning_outcome": "Learners will understand and demonstrate proper body care practices",
      "search_keywords": "hygiene, video, digital, body care, demonstration, KG1",
      "slug": "digital-body-care-video-discussion",
      "is_published": true,
      "download_count": 0,
      "last_updated": "2024-01-01T00:00:00Z"
    }
  },
  {
    "model": "suggestor.contentstandard",
    "pk": 16,
    "fields": {
      "substrand": 16,
      "code": "K1.4.2.1",
      "description": "Demonstrate knowledge of the people in the community and their occupation.",
      "competencies": [3, 4, 5, 1, 2],
      "goals": [1]
    }
  },
  {
    "model": "suggestor.contentstandard",
    "pk": 17,
    "fields": {
      "substrand": 17,
      "code": "K1.4.3.1",
      "description": "Demonstrate understanding and knowledge of the special leaders and their roles in our communities.",
      "competencies": [3, 4, 5],
      "goals": [1]
    }
  },
  {
    "model": "suggestor.contentstandard",
    "pk": 18,
    "fields": {
      "substrand": 18,
      "code": "K1.5.1.1",
      "description": "Demonstrate knowledge of the history and independence of Ghana",
      "competencies": [3, 4, 5],
      "goals": [1]
    }
  },
  {
    "model": "suggestor.contentstandard",
    "pk": 19,
    "fields": {
      "substrand": 19,
      "code": "K1.6.1.1",
      "description": "Demonstrate understanding of living and non-living things.",
      "competencies": [3, 5, 1, 2],
      "goals": [1]
    }
  },
  {
    "model": "suggestor.contentstandard",
    "pk": 20,
    "fields": {
      "substrand": 20,
      "code": "K1.6.2.1",
      "description": "Demonstrate understanding of domestic and wild animals.",
      "competencies": [3, 5, 1, 2],
      "goals": [1]
    }
  },
  {
    "model": "suggestor.contentstandard",
    "pk": 21,
    "fields": {
      "substrand": 21,
      "code": "K1.6.3.1",
      "description": "Demonstrate understanding of sources of water and its uses.",
      "competencies": [3, 5, 1, 2],
      "goals": [1]
    }
  },
  {
    "model": "suggestor.contentstandard",
    "pk": 22,
    "fields": {
      "substrand": 22,
      "code": "K1.6.4.1",
      "description": "Demonstrate understanding of the presence of air and tell its importance.",
      "competencies": [3, 5, 1, 2],
      "goals": [1]
    }
  },
  {
    "model": "suggestor.contentstandard",
    "pk": 23,
    "fields": {
      "substrand": 23,
      "code": "K1.6.5.1",
      "description": "Demonstrate understanding of the parts of plants and their functions.",
      "competencies": [3, 5, 1, 2],
      "goals": [1]
    }
  },
  {
    "model": "suggestor.contentstandard",
    "pk": 24,
    "fields": {
      "substrand": 24,
      "code": "K1.6.6.1",
      "description": "Demonstrate understanding of how plants grow",
      "competencies": [3, 5, 1, 2],
      "goals": [1]
    }
  },
  {
    "model": "suggestor.contentstandard",
    "pk": 25,
    "fields": {
      "substrand": 25,
      "code": "K1.6.7.1",
      "description": "Demonstrate understanding of the types of soil.",
      "competencies": [3, 5, 1, 2],
      "goals": [1]
    }
  }, 
  {
    "model": "suggestor.indicator",
    "pk": 16,
    "fields": {
      "standard": 6,
      "code": "K1.1.6.1.1",
      "description": "Talk about possible accidents we can have at home and at school and safety measures we can take to avoid them.",
      "competencies": [3, 5],
      "goals": [1]
    }
  },
  {
    "model": "suggestor.indicator",
    "pk": 17,
    "fields": {
      "standard": 6,
      "code": "K1.1.6.1.2",
      "description": "Recognize that spoken words are represented in written language in books.",
      "competencies": [1, 2],
      "goals": [1]
    }
  },
  {
    "model": "suggestor.indicator",
    "pk": 18,
    "fields": {
      "standard": 6,
      "code": "K1.1.6.1.3",
      "description": "Listen to and respond to a read aloud text about keeping safe in the environment.",
      "competencies": [3, 1, 2],
      "goals": [1, 2]
    }
  },
  {
    "model": "suggestor.indicator",
    "pk": 19,
    "fields": {
      "standard": 7,
      "code": "K1.2.1.1.1",
      "description": "Discuss different types of family they have at home, their roles and responsibilities",
      "competencies": [3, 4, 5],
      "goals": [1]
    }
  },
  {
    "model": "suggestor.indicator",
    "pk": 20,
    "fields": {
      "standard": 7,
      "code": "K1.2.1.1.2",
      "description": "Demonstrate that print matches with illustration in a book.",
      "competencies": [3],
      "goals": [1]
    }
  },
  {
    "model": "suggestor.indicator",
    "pk": 21,
    "fields": {
      "standard": 8,
      "code": "K1.2.2.1.1",
      "description": "Listen and tell stories about origin and history of their family members",
      "competencies": [3, 4, 1, 2],
      "goals": [1]
    }
  },
  {
    "model": "suggestor.indicator",
    "pk": 22,
    "fields": {
      "standard": 9,
      "code": "K1.2.3.1.1",
      "description": "Talk about some special family days and activities e.g. birthdays, naming, festivals, etc.",
      "competencies": [3, 4, 5, 2],
      "goals": [1]
    }
  },
  {
    "model": "suggestor.indicator",
    "pk": 23,
    "fields": {
      "standard": 10,
      "code": "K1.2.4.1.1",
      "description": "Talk about the members of the school, activities they do and create rules and regulations that should govern their classroom.",
      "competencies": [3, 5, 1, 2],
      "goals": [1, 2]
    }
  },
  {
    "model": "suggestor.indicator",
    "pk": 24,
    "fields": {
      "standard": 11,
      "code": "K1.3.1.1.1",
      "description": "identify the good manners our families value and how it can change our personal likes and dislikes.",
      "competencies": [3, 5],
      "goals": [1]
    }
  },
  {
    "model": "suggestor.indicator",
    "pk": 25,
    "fields": {
      "standard": 12,
      "code": "K1.3.2.1.1",
      "description": "Talk about some important cultural values and good manners that promote respect and politeness",
      "competencies": [3, 4, 5, 2],
      "goals": [1]
    }
  },
  {
    "model": "suggestor.substrand",
    "pk": 29,
    "fields": {
      "strand": 8,
      "title": "I am a wonderful and unique creation",
      "slug": "kg2-i-am-wonderful-unique-creation"
    }
  },
  {
    "model": "suggestor.substrand",
    "pk": 30,
    "fields": {
      "strand": 8,
      "title": "Parts of the body that we cannot see (internal) and parts of the body that we can see (external) and their functions",
      "slug": "kg2-internal-external-body-parts-functions"
    }
  },
  {
    "model": "suggestor.substrand",
    "pk": 31,
    "fields": {
      "strand": 8,
      "title": "Personal hygiene and caring for the parts of the body",
      "slug": "kg2-personal-hygiene-caring-body-parts"
    }
  },
  {
    "model": "suggestor.substrand",
    "pk": 32,
    "fields": {
      "strand": 8,
      "title": "Eating good food and taking my vaccinations to keep my body healthy",
      "slug": "kg2-eating-good-food-vaccinations-healthy"
    }
  },
  {
    "model": "suggestor.substrand",
    "pk": 33,
    "fields": {
      "strand": 8,
      "title": "My environment and my Health",
      "slug": "kg2-my-environment-health"
    }
  },
  {
    "model": "suggestor.substrand",
    "pk": 34,
    "fields": {
      "strand": 8,
      "title": "Protecting ourselves from road accidents and harmful strangers",
      "slug": "kg2-protecting-road-accidents-harmful-strangers"
    }
  },
  {
    "model": "suggestor.substrand",
    "pk": 35,
    "fields": {
      "strand": 9,
      "title": "Types and members of my family",
      "slug": "kg2-types-members-family"
    }
  },
  {
    "model": "suggestor.substrand",
    "pk": 36,
    "fields": {
      "strand": 9,
      "title": "My family: Our origin and history",
      "slug": "kg2-family-origin-history"
    }
  },
  {
    "model": "suggestor.substrand",
    "pk": 37,
    "fields": {
      "strand": 9,
      "title": "Family Celebrations and festivals",
      "slug": "kg2-family-celebrations-festivals"
    }
  },
  {
    "model": "suggestor.substrand",
    "pk": 38,
    "fields": {
      "strand": 9,
      "title": "My school family Rules and Regulations for Learners and Teachers at school",
      "slug": "kg2-school-family-rules-regulations"
    }
  },
  {
    "model": "suggestor.contentstandard",
    "pk": 26,
    "fields": {
      "substrand": 29,
      "code": "K2.1.1.1",
      "description": "Demonstrate the understanding that all learners are wonderful and have unique body features that make them different from other people and other God's creation in the environment.",
      "competencies": [5, 3],
      "goals": [1]
    }
  },
  {
    "model": "suggestor.contentstandard",
    "pk": 27,
    "fields": {
      "substrand": 30,
      "code": "K2.1.2.1",
      "description": "Demonstrate the knowledge of appropriate names of the parts of the internal body that we cannot see and their functions",
      "competencies": [5, 3, 1, 2],
      "goals": [1]
    }
  },
  {
    "model": "suggestor.contentstandard",
    "pk": 28,
    "fields": {
      "substrand": 31,
      "code": "K2.1.3.1",
      "description": "Demonstrate understanding of personal hygiene and care of the human body.",
      "competencies": [3, 5],
      "goals": [1, 2]
    }
  },
  {
    "model": "suggestor.contentstandard",
    "pk": 29,
    "fields": {
      "substrand": 32,
      "code": "K2.1.4.1",
      "description": "Demonstrate the understanding and knowledge of keeping our bodies healthy by eating good food and visiting the hospital when sick",
      "competencies": [3, 5, 6, 1],
      "goals": [1]
    }
  },
  {
    "model": "suggestor.contentstandard",
    "pk": 30,
    "fields": {
      "substrand": 33,
      "code": "K2.1.5.1",
      "description": "Demonstrate understanding of the environment and how to keep it safe",
      "competencies": [3, 5, 6],
      "goals": [1, 2]
    }
  }, 
  {
    "model": "suggestor.contentstandard",
    "pk": 31,
    "fields": {
      "substrand": 26,
      "code": "K1.6.8.1",
      "description": "Demonstrate understanding of the sources of light for day and night.",
      "competencies": [3, 5, 1, 2],
      "goals": [1]
    }
  },
  {
    "model": "suggestor.contentstandard",
    "pk": 32,
    "fields": {
      "substrand": 27,
      "code": "K1.6.9.1",
      "description": "Demonstrate understanding of changing weather conditions and seasons.",
      "competencies": [3, 5, 1, 2],
      "goals": [1]
    }
  },
  {
    "model": "suggestor.contentstandard",
    "pk": 33,
    "fields": {
      "substrand": 28,
      "code": "K1.7.1.1",
      "description": "Demonstrate understanding of different ways we connect and communicate with the global world.",
      "competencies": [3, 4, 6],
      "goals": [1]
    }
  },
  {
    "model": "suggestor.indicator",
    "pk": 26,
    "fields": {
      "standard": 15,
      "code": "K1.4.1.1.1",
      "description": "Visit and talk about some special places in our community",
      "competencies": [3, 5, 4, 1],
      "goals": [1]
    }
  },
  {
    "model": "suggestor.indicator",
    "pk": 27,
    "fields": {
      "standard": 16,
      "code": "K1.4.2.1.1",
      "description": "Talk about who the neighbours are, the work they do and how important their profession are in the community.",
      "competencies": [3, 4, 5, 1, 2],
      "goals": [1]
    }
  },
  {
    "model": "suggestor.indicator",
    "pk": 28,
    "fields": {
      "standard": 17,
      "code": "K1.4.3.1.1",
      "description": "Talk about and describe the traditional and religious leaders in our community.",
      "competencies": [3, 4, 5],
      "goals": [1]
    }
  },
  {
    "model": "suggestor.indicator",
    "pk": 29,
    "fields": {
      "standard": 18,
      "code": "K1.5.1.1.1",
      "description": "locate their home regions on an outline map of Ghana and talk about the history behind their festivals.",
      "competencies": [3, 4, 5],
      "goals": [1]
    }
  },
  {
    "model": "suggestor.indicator",
    "pk": 30,
    "fields": {
      "standard": 19,
      "code": "K1.6.1.1.1",
      "description": "Talk about different types of things around us and classify them into living things and non-living things",
      "competencies": [3, 5, 1, 2],
      "goals": [1]
    }
  },
  {
    "model": "suggestor.indicator",
    "pk": 31,
    "fields": {
      "standard": 20,
      "code": "K1.6.2.1.1",
      "description": "Sing and talk about different kinds of animals, what they eat, the sound they make and put them into groups.",
      "competencies": [3, 5, 1, 2],
      "goals": [1]
    }
  },
  {
    "model": "suggestor.indicator",
    "pk": 32,
    "fields": {
      "standard": 21,
      "code": "K1.6.3.1.1",
      "description": "Talk about where we get water from and its uses.",
      "competencies": [3, 5, 1, 2],
      "goals": [1]
    }
  },
  {
    "model": "suggestor.indicator",
    "pk": 33,
    "fields": {
      "standard": 22,
      "code": "K1.6.4.1.1",
      "description": "Share their understanding and describe the presence of air through experimentation.",
      "competencies": [3, 5, 1, 2],
      "goals": [1]
    }
  },
  {
    "model": "suggestor.indicator",
    "pk": 34,
    "fields": {
      "standard": 23,
      "code": "K1.6.5.1.1",
      "description": "Sing and talk about parts of a plants and their functions",
      "competencies": [3, 5, 1, 2],
      "goals": [1]
    }
  },
  {
    "model": "suggestor.indicator",
    "pk": 35,
    "fields": {
      "standard": 24,
      "code": "K1.6.6.1.1",
      "description": "Talk about and discuss how plants and what human should do to enhance the growth process",
      "competencies": [3, 5, 1, 2],
      "goals": [1]
    }
  },
  {
    "model": "suggestor.tlr",
    "pk": 7,
    "fields": {
      "class_level": 3,
      "subject": 3,
      "term": 2,
      "strand": 4,
      "substrand": 15,
      "indicator": 26,
      "standard": 15,
      "themes": [4],
      "key_learning_areas": [1, 3],
      "competencies": [3, 5, 4, 1],
      "resource_types": [1, 4],
      "goals": [1],
      "title": "Community Places Field Trip Guide",
      "brief_description": "Structured field trip activity to explore special places in the local community with observation guide",
      "materials": [14, 1, 2],
      "time_needed": "core",
      "steps_to_make": "1. Create observation checklist for field trip\n2. Prepare permission letters for parents\n3. Contact community places in advance\n4. Design post-trip discussion questions\n5. Prepare safety guidelines",
      "tips_for_use": "Visit places beforehand. Ensure safety protocols. Encourage questions during visit. Connect to learners' experiences.",
      "intended_use": "aid",
      "tlr_type": "poster",
      "special_needs": [1, 2, 5],
      "learning_styles": [1, 2, 3, 5],
      "class_size": "medium",
      "bloom_level": "analyze",
      "budget_band": "low",
      "learning_outcome": "Learners will identify and describe special places in their community and their importance",
      "search_keywords": "community, field trip, places, local, observation, KG1",
      "slug": "community-places-field-trip-guide",
      "is_published": true,
      "download_count": 0,
      "last_updated": "2024-01-01T00:00:00Z"
    }
  },
  {
    "model": "suggestor.tlr",
    "pk": 8,
    "fields": {
      "class_level": 3,
      "subject": 3,
      "term": 2,
      "strand": 4,
      "substrand": 16,
      "indicator": 27,
      "standard": 16,
      "themes": [4],
      "key_learning_areas": [1, 3],
      "competencies": [3, 4, 5],
      "resource_types": [6, 1],
      "goals": [1],
      "title": "Community Helpers Role Play Center",
      "brief_description": "Dramatic play center with costumes and props for learners to role-play different community occupations",
      "materials": [22, 1, 2, 12],
      "time_needed": "core",
      "steps_to_make": "1. Collect or make costumes for different professions\n2. Create job-related props and tools\n3. Set up different stations for each profession\n4. Prepare role cards with job descriptions\n5. Create evaluation rubric",
      "tips_for_use": "Rotate learners through different roles. Encourage authentic actions. Connect to real community workers. Discuss importance of each job.",
      "intended_use": "aid",
      "tlr_type": "game",
      "special_needs": [2, 5],
      "learning_styles": [3, 5],
      "class_size": "small",
      "bloom_level": "create",
      "budget_band": "medium",
      "learning_outcome": "Learners will understand and demonstrate knowledge of different community occupations and their importance",
      "search_keywords": "occupations, role play, community helpers, dramatic play, KG1",
      "slug": "community-helpers-role-play-center",
      "is_published": true,
      "download_count": 0,
      "last_updated": "2024-01-01T00:00:00Z"
    }
  },
  {
    "model": "suggestor.tlr",
    "pk": 9,
    "fields": {
      "class_level": 3,
      "subject": 3,
      "term": 3,
      "strand": 6,
      "substrand": 19,
      "indicator": 30,
      "standard": 19,
      "themes": [6],
      "key_learning_areas": [1, 3],
      "competencies": [3, 5, 1, 2],
      "resource_types": [3, 6],
      "goals": [1],
      "title": "Living vs Non-Living Sorting Game",
      "brief_description": "Interactive sorting activity using real objects and pictures to classify living and non-living things",
      "materials": [12, 3, 6, 8, 26, 27],
      "time_needed": "short",
      "steps_to_make": "1. Collect variety of real objects (living and non-living)\n2. Create picture cards as backup\n3. Make two large sorting circles\n4. Label circles 'Living' and 'Non-Living'\n5. Prepare discussion questions",
      "tips_for_use": "Start with obvious examples. Discuss characteristics of living things. Use real objects when possible. Encourage reasoning for choices.",
      "intended_use": "aid",
      "tlr_type": "game",
      "special_needs": [1, 3],
      "learning_styles": [1, 3, 5],
      "class_size": "medium",
      "bloom_level": "analyze",
      "budget_band": "none",
      "learning_outcome": "Learners will correctly classify objects as living or non-living and explain their reasoning",
      "search_keywords": "living things, non-living, classification, sorting, nature, KG1",
      "slug": "living-vs-non-living-sorting-game",
      "is_published": true,
      "download_count": 0,
      "last_updated": "2024-01-01T00:00:00Z"
    }
  },
  {
    "model": "suggestor.tlr",
    "pk": 10,
    "fields": {
      "class_level": 3,
      "subject": 2,
      "term": 3,
      "strand": 6,
      "substrand": 20,
      "indicator": 31,
      "standard": 20,
      "themes": [6],
      "key_learning_areas": [7, 8],
      "competencies": [3, 1],
      "resource_types": [3, 6],
      "goals": [1, 2],
      "title": "Animal Sounds and Counting Game",
      "brief_description": "Musical counting game combining animal sounds, movements, and number recognition up to 10",
      "materials": [3, 20, 21],
      "time_needed": "short",
      "steps_to_make": "1. Create animal picture cards\n2. Prepare number cards 1-10\n3. Record or prepare animal sounds\n4. Create movement cards for each animal\n5. Set up game area",
      "tips_for_use": "Start with familiar animals. Encourage mimicking sounds and movements. Count animals in groups. Connect to Old MacDonald song.",
      "intended_use": "aid",
      "tlr_type": "game",
      "special_needs": [4, 5],
      "learning_styles": [2, 3],
      "class_size": "large",
      "bloom_level": "apply",
      "budget_band": "low",
      "learning_outcome": "Learners will count, group animals, and demonstrate understanding of animal characteristics through sounds and movements",
      "search_keywords": "animals, counting, sounds, music, movement, domestic, wild, KG1",
      "slug": "animal-sounds-counting-game",
      "is_published": true,
      "download_count": 0,
      "last_updated": "2024-01-01T00:00:00Z"
    }
  },
  {
    "model": "suggestor.indicator",
    "pk": 36,
    "fields": {
      "standard": 26,
      "code": "K2.1.1.1.1",
      "description": "Identify and describe in simple sentences (using home language), the wonderful features of our body that make us unique and different from other God's creation, e.g. animals.",
      "competencies": [5, 3],
      "goals": [1]
    }
  },
  {
    "model": "suggestor.indicator",
    "pk": 37,
    "fields": {
      "standard": 27,
      "code": "K2.1.2.1.1",
      "description": "Using a conversational poster of body parts, learners talk about the parts of the human body that we can see and cannot see.",
      "competencies": [5, 3, 1],
      "goals": [1]
    }
  },
  {
    "model": "suggestor.indicator",
    "pk": 38,
    "fields": {
      "standard": 28,
      "code": "K2.1.3.1.1",
      "description": "Learners use simple language to describe and engage in conversation about how to care for different part of their bodies.",
      "competencies": [3, 5],
      "goals": [1, 2]
    }
  },
  {
    "model": "suggestor.indicator",
    "pk": 39,
    "fields": {
      "standard": 29,
      "code": "K2.1.4.1.1",
      "description": "Talk about how to keep our bodies healthy by eating balanced meal and visiting the hospital for our vaccinations.",
      "competencies": [3, 5, 6],
      "goals": [1]
    }
  },
  {
    "model": "suggestor.indicator",
    "pk": 40,
    "fields": {
      "standard": 30,
      "code": "K2.1.5.1.1",
      "description": "Take a walk in the environment, discuss and point to things that are safe and unsafe to play with.",
      "competencies": [3, 5, 6],
      "goals": [1, 2]
    }
  },
  {
    "model": "suggestor.theme",
    "pk": 8,
    "fields": {
      "title": "Health and Safety"
    }
  },
  {
    "model": "suggestor.theme",
    "pk": 9,
    "fields": {
      "title": "Nature and Environment"
    }
  },
  {
    "model": "suggestor.theme",
    "pk": 10,
    "fields": {
      "title": "Culture and Traditions"
    }
  },
  {
    "model": "suggestor.theme",
    "pk": 11,
    "fields": {
      "title": "Communication and Technology"
    }
  },
  {
    "model": "suggestor.theme",
    "pk": 12,
    "fields": {
      "title": "Food and Nutrition"
    }
  }, 
  {
    "model": "suggestor.indicator",
    "pk": 41,
    "fields": {
      "standard": 25,
      "code": "K1.6.7.1.1",
      "description": "Talk about different types of soil and which one is best used for gardening.",
      "competencies": [3, 5, 1, 2],
      "goals": [1]
    }
  },
  {
    "model": "suggestor.indicator",
    "pk": 42,
    "fields": {
      "standard": 31,
      "code": "K1.6.8.1.1",
      "description": "Recite rhymes/poems and talk about the different sources of light.",
      "competencies": [3, 5, 1, 2],
      "goals": [1]
    }
  },
  {
    "model": "suggestor.indicator",
    "pk": 43,
    "fields": {
      "standard": 32,
      "code": "K1.6.9.1.1",
      "description": "Sing and talk about the weather condition in Ghana.",
      "competencies": [3, 5, 1, 2],
      "goals": [1]
    }
  },
  {
    "model": "suggestor.indicator",
    "pk": 44,
    "fields": {
      "standard": 33,
      "code": "K1.7.1.1.1",
      "description": "Using pictures, talk about the various means by which we connect with the international community-Transportation.",
      "competencies": [3, 4, 6],
      "goals": [1]
    }
  },
  {
    "model": "suggestor.indicator",
    "pk": 45,
    "fields": {
      "standard": 21,
      "code": "K1.6.3.1.2",
      "description": "Listen and interact with teacher and peers as they listen to a read aloud text on the uses of water.",
      "competencies": [3, 5, 1],
      "goals": [1, 2]
    }
  },
  {
    "model": "suggestor.indicator",
    "pk": 46,
    "fields": {
      "standard": 22,
      "code": "K1.6.4.1.2",
      "description": "Use visual information to help them understand the text they read about air.",
      "competencies": [3, 5, 1, 2],
      "goals": [1, 2]
    }
  },
  {
    "model": "suggestor.indicator",
    "pk": 47,
    "fields": {
      "standard": 23,
      "code": "K1.6.5.1.2",
      "description": "Talk about the cover page of the book and point to individual words while listening to the teacher read aloud.",
      "competencies": [3, 5, 1, 2],
      "goals": [1, 2]
    }
  },
  {
    "model": "suggestor.indicator",
    "pk": 48,
    "fields": {
      "standard": 24,
      "code": "K1.6.6.1.2",
      "description": "Talk about the cover page and identify how plants grow in a read aloud story",
      "competencies": [3, 5, 1, 2],
      "goals": [1, 2]
    }
  },
  {
    "model": "suggestor.indicator",
    "pk": 49,
    "fields": {
      "standard": 25,
      "code": "K1.6.7.1.2",
      "description": "Point to individual words to track reading.",
      "competencies": [3, 1, 2],
      "goals": [1, 2]
    }
  },
  {
    "model": "suggestor.indicator",
    "pk": 50,
    "fields": {
      "standard": 31,
      "code": "K1.6.8.1.2",
      "description": "Use pictures and other text features to aid understanding as they listen to a read aloud informational text on sources light.",
      "competencies": [3, 1, 2],
      "goals": [1, 2]
    }
  }, 
  {
    "model": "suggestor.contentstandard",
    "pk": 34,
    "fields": {
      "substrand": 11,
      "code": "K1.3.1.2",
      "description": "Demonstrate understanding of the virtues, good manners and behaviour patterns our families value.",
      "competencies": [3, 5],
      "goals": [1]
    }
  },
  {
    "model": "suggestor.contentstandard",
    "pk": 35,
    "fields": {
      "substrand": 12,
      "code": "K1.3.2.2",
      "description": "Demonstrate understanding of how to show respect and politeness in cultural contexts.",
      "competencies": [3, 4, 5],
      "goals": [1]
    }
  },
  {
    "model": "suggestor.contentstandard",
    "pk": 36,
    "fields": {
      "substrand": 13,
      "code": "K1.3.3.2",
      "description": "Demonstrate appreciation for different religious practices and beliefs.",
      "competencies": [3, 4, 5],
      "goals": [1]
    }
  },
  {
    "model": "suggestor.contentstandard",
    "pk": 37,
    "fields": {
      "substrand": 14,
      "code": "K1.3.4.2",
      "description": "Show understanding of tolerance and respect for people with different beliefs.",
      "competencies": [3, 4, 5],
      "goals": [1]
    }
  },
  {
    "model": "suggestor.contentstandard",
    "pk": 38,
    "fields": {
      "substrand": 15,
      "code": "K1.4.1.2",
      "description": "Explain the importance of special places in the community.",
      "competencies": [3, 4, 1],
      "goals": [1, 2]
    }
  },
  {
    "model": "suggestor.contentstandard",
    "pk": 39,
    "fields": {
      "substrand": 16,
      "code": "K1.4.2.2",
      "description": "Appreciate the contributions of different occupations to community life.",
      "competencies": [3, 4, 5],
      "goals": [1]
    }
  },
  {
    "model": "suggestor.contentstandard",
    "pk": 40,
    "fields": {
      "substrand": 17,
      "code": "K1.4.3.2",
      "description": "Show respect for traditional and religious leaders in the community.",
      "competencies": [3, 4, 5],
      "goals": [1]
    }
  }, 
  {
    "model": "suggestor.substrand",
    "pk": 39,
    "fields": {
      "strand": 10,
      "title": "My personal values",
      "slug": "kg2-my-personal-values"
    }
  },
  {
    "model": "suggestor.substrand",
    "pk": 40,
    "fields": {
      "strand": 10,
      "title": "My cultural values",
      "slug": "kg2-my-cultural-values"
    }
  },
  {
    "model": "suggestor.substrand",
    "pk": 41,
    "fields": {
      "strand": 10,
      "title": "My national and civic values",
      "slug": "kg2-my-national-civic-values"
    }
  },
  {
    "model": "suggestor.substrand",
    "pk": 42,
    "fields": {
      "strand": 10,
      "title": "Our Beliefs - Relating well with people with different beliefs",
      "slug": "kg2-our-beliefs-relating-different-beliefs"
    }
  },
  {
    "model": "suggestor.substrand",
    "pk": 43,
    "fields": {
      "strand": 11,
      "title": "Knowing the special places in every community",
      "slug": "kg2-knowing-special-places-every-community"
    }
  },
  {
    "model": "suggestor.substrand",
    "pk": 44,
    "fields": {
      "strand": 11,
      "title": "Knowing the important people/occupation in our community",
      "slug": "kg2-knowing-important-people-occupation-community"
    }
  },
  {
    "model": "suggestor.substrand",
    "pk": 45,
    "fields": {
      "strand": 11,
      "title": "Knowing the special leaders in our community and country",
      "slug": "kg2-knowing-special-leaders-community-country"
    }
  },
  {
    "model": "suggestor.substrand",
    "pk": 46,
    "fields": {
      "strand": 12,
      "title": "History and celebrations of Ghana",
      "slug": "kg2-history-celebrations-ghana"
    }
  },
  {
    "model": "suggestor.substrand",
    "pk": 47,
    "fields": {
      "strand": 13,
      "title": "Living and non-living things",
      "slug": "kg2-living-non-living-things"
    }
  },
  {
    "model": "suggestor.substrand",
    "pk": 48,
    "fields": {
      "strand": 13,
      "title": "Living things - Domestic and wild animals",
      "slug": "kg2-living-things-domestic-wild-animals"
    }
  },
  {
    "model": "suggestor.substrand",
    "pk": 49,
    "fields": {
      "strand": 13,
      "title": "Water",
      "slug": "kg2-water"
    }
  },
  {
    "model": "suggestor.substrand",
    "pk": 50,
    "fields": {
      "strand": 13,
      "title": "Air",
      "slug": "kg2-air"
    }
  },
  {
    "model": "suggestor.substrand",
    "pk": 51,
    "fields": {
      "strand": 13,
      "title": "Plants 1",
      "slug": "kg2-plants-1"
    }
  },
  {
    "model": "suggestor.substrand",
    "pk": 52,
    "fields": {
      "strand": 13,
      "title": "Plants 2",
      "slug": "kg2-plants-2"
    }
  },
  {
    "model": "suggestor.substrand",
    "pk": 53,
    "fields": {
      "strand": 13,
      "title": "Types of soil and gardening",
      "slug": "kg2-types-soil-gardening"
    }
  },
  {
    "model": "suggestor.substrand",
    "pk": 54,
    "fields": {
      "strand": 13,
      "title": "Natural and Man-made sources of light",
      "slug": "kg2-natural-man-made-sources-light"
    }
  },
  {
    "model": "suggestor.substrand",
    "pk": 55,
    "fields": {
      "strand": 13,
      "title": "Changing weather conditions - Positive and negative effects",
      "slug": "kg2-changing-weather-conditions-effects"
    }
  },
  {
    "model": "suggestor.substrand",
    "pk": 56,
    "fields": {
      "strand": 14,
      "title": "Connecting and communicating with the global community",
      "slug": "kg2-connecting-communicating-global-community"
    }
  },
  {
    "model": "suggestor.substrand",
    "pk": 57,
    "fields": {
      "strand": 14,
      "title": "Financial literacy: Buying and Selling",
      "slug": "kg2-financial-literacy-buying-selling"
    }
  }, 
  {
    "model": "suggestor.tlr",
    "pk": 11,
    "fields": {
      "class_level": 3,
      "subject": 2,
      "term": 1,
      "strand": 1,
      "substrand": 1,
      "indicator": 9,
      "standard": 1,
      "themes": [1],
      "key_learning_areas": [7],
      "competencies": [1],
      "resource_types": [3],
      "goals": [1, 2],
      "title": "Body Parts Counting Mat",
      "brief_description": "Interactive counting mat using body parts to teach numbers 1-5 with hands-on manipulatives",
      "materials": [1, 6, 8, 20],
      "time_needed": "core",
      "steps_to_make": "1. Create large floor mat with body outline\n2. Prepare sets of bottle tops for counting\n3. Make number cards 1-5\n4. Create instruction cards for each body part\n5. Laminate all materials for durability",
      "tips_for_use": "Start with learners' own bodies. Use one-to-one correspondence. Count aloud together. Progress from concrete to abstract.",
      "intended_use": "aid",
      "tlr_type": "manipulative",
      "special_needs": [1, 2, 3],
      "learning_styles": [1, 3],
      "class_size": "small",
      "bloom_level": "apply",
      "budget_band": "low",
      "learning_outcome": "Learners will count body parts accurately and match with correct numerals 1-5",
      "search_keywords": "counting, numbers, body parts, manipulatives, one-to-one correspondence, KG1",
      "slug": "body-parts-counting-mat",
      "is_published": true,
      "download_count": 0,
      "last_updated": "2024-01-01T00:00:00Z"
    }
  },
  {
    "model": "suggestor.tlr",
    "pk": 12,
    "fields": {
      "class_level": 3,
      "subject": 2,
      "term": 2,
      "strand": 4,
      "substrand": 16,
      "indicator": 27,
      "standard": 16,
      "themes": [4],
      "key_learning_areas": [7, 9],
      "competencies": [1, 3],
      "resource_types": [3, 6],
      "goals": [1, 2],
      "title": "Community Workers Counting and Sorting Game",
      "brief_description": "Mathematical activity combining community helpers with counting, sorting, and basic addition/subtraction",
      "materials": [3, 20, 6, 18],
      "time_needed": "core",
      "steps_to_make": "1. Create picture cards of different community workers\n2. Make number cards 1-10\n3. Prepare sorting circles\n4. Create simple word problems\n5. Design recording sheet",
      "tips_for_use": "Sort by different attributes (indoor/outdoor jobs, tools used). Create story problems. Use 'more than/less than' language.",
      "intended_use": "aid",
      "tlr_type": "game",
      "special_needs": [1, 2],
      "learning_styles": [1, 3, 5],
      "class_size": "medium",
      "bloom_level": "analyze",
      "budget_band": "low",
      "learning_outcome": "Learners will count, sort, and compare groups of community workers using mathematical language",
      "search_keywords": "counting, sorting, community workers, comparison, mathematics, KG1",
      "slug": "community-workers-counting-sorting-game",
      "is_published": true,
      "download_count": 0,
      "last_updated": "2024-01-01T00:00:00Z"
    }
  },
  {
    "model": "suggestor.tlr",
    "pk": 13,
    "fields": {
      "class_level": 3,
      "subject": 2,
      "term": 3,
      "strand": 6,
      "substrand": 20,
      "indicator": 31,
      "standard": 20,
      "themes": [6],
      "key_learning_areas": [7, 8],
      "competencies": [1, 2],
      "resource_types": [3, 6],
      "goals": [1, 2],
      "title": "Animal Pattern and Number Game",
      "brief_description": "Pattern recognition and counting activity using domestic and wild animals to teach sequences and numbers up to 10",
      "materials": [3, 20, 18, 1],
      "time_needed": "short",
      "steps_to_make": "1. Create animal picture cards (domestic and wild)\n2. Design pattern sequence cards\n3. Make number cards 1-10\n4. Create pattern completion worksheets\n5. Prepare extension activities",
      "tips_for_use": "Start with simple AB patterns. Progress to ABC patterns. Connect to animal sounds and movements. Count animals in each pattern.",
      "intended_use": "aid",
      "tlr_type": "game",
      "special_needs": [1, 5],
      "learning_styles": [1, 3],
      "class_size": "small",
      "bloom_level": "create",
      "budget_band": "low",
      "learning_outcome": "Learners will create and extend patterns using animals and count objects in patterns accurately",
      "search_keywords": "patterns, animals, counting, sequences, mathematics, domestic, wild, KG1",
      "slug": "animal-pattern-number-game",
      "is_published": true,
      "download_count": 0,
      "last_updated": "2024-01-01T00:00:00Z"
    }
  }, 
  {
    "model": "suggestor.tlr",
    "pk": 14,
    "fields": {
      "class_level": 3,
      "subject": 4,
      "term": 1,
      "strand": 1,
      "substrand": 2,
      "indicator": 4,
      "standard": 2,
      "themes": [1],
      "key_learning_areas": [11, 12],
      "competencies": [2, 5],
      "resource_types": [1, 10],
      "goals": [1],
      "title": "Body Functions Drama and Art Station",
      "brief_description": "Creative arts station combining drama, visual arts, and movement to explore body parts and their functions",
      "materials": [1, 2, 9, 22],
      "time_needed": "core",
      "steps_to_make": "1. Set up drama area with simple costumes\n2. Prepare art materials for body drawings\n3. Create action cards for body functions\n4. Design simple props for different body parts\n5. Set up display area for artwork",
      "tips_for_use": "Encourage creative expression. Let learners choose how to represent body functions. Display all artwork positively. Connect movement to learning.",
      "intended_use": "aid",
      "tlr_type": "manipulative",
      "special_needs": [2, 5],
      "learning_styles": [1, 3, 5],
      "class_size": "medium",
      "bloom_level": "create",
      "budget_band": "medium",
      "learning_outcome": "Learners will creatively express understanding of body functions through drama, art, and movement",
      "search_keywords": "creative arts, drama, body functions, visual arts, movement, expression, KG1",
      "slug": "body-functions-drama-art-station",
      "is_published": true,
      "download_count": 0,
      "last_updated": "2024-01-01T00:00:00Z"
    }
  },
  {
    "model": "suggestor.tlr",
    "pk": 15,
    "fields": {
      "class_level": 3,
      "subject": 4,
      "term": 2,
      "strand": 5,
      "substrand": 18,
      "indicator": 29,
      "standard": 18,
      "themes": [5],
      "key_learning_areas": [11, 12],
      "competencies": [2, 4, 5],
      "resource_types": [1, 11],
      "goals": [1],
      "title": "Ghana Independence Day Art and Music Celebration",
      "brief_description": "Multi-arts celebration combining visual arts, music, and dance to commemorate Ghana's independence",
      "materials": [1, 2, 21, 22, 24],
      "time_needed": "core",
      "steps_to_make": "1. Prepare Ghana flag coloring materials\n2. Create simple musical instruments\n3. Learn traditional Ghanaian songs\n4. Design costume accessories\n5. Plan mini-parade route",
      "tips_for_use": "Connect arts to national pride. Teach simple traditional dance moves. Encourage creativity in flag designs. Include drumming and singing.",
      "intended_use": "aid",
      "tlr_type": "manipulative",
      "special_needs": [4, 5],
      "learning_styles": [1, 2, 3, 5],
      "class_size": "large",
      "bloom_level": "create",
      "budget_band": "medium",
      "learning_outcome": "Learners will express national pride through creative arts activities and understand Ghana's independence",
      "search_keywords": "Ghana, independence, creative arts, music, dance, flag, celebration, KG1",
      "slug": "ghana-independence-art-music-celebration",
      "is_published": true,
      "download_count": 0,
      "last_updated": "2024-01-01T00:00:00Z"
    }
  },
  {
    "model": "suggestor.tlr",
    "pk": 16,
    "fields": {
      "class_level": 3,
      "subject": 4,
      "term": 3,
      "strand": 6,
      "substrand": 25,
      "indicator": 41,
      "standard": 25,
      "themes": [6, 9],
      "key_learning_areas": [11],
      "competencies": [2, 1],
      "resource_types": [10, 1],
      "goals": [1],
      "title": "Soil Types Art and Texture Exploration",
      "brief_description": "Hands-on art activity using different soil types to create textured artwork and understand soil properties",
      "materials": [9, 1, 2, 29, 30],
      "time_needed": "core",
      "steps_to_make": "1. Collect different soil types (sandy, clay, loamy)\n2. Prepare art paper and brushes\n3. Set up exploration stations\n4. Create texture comparison charts\n5. Prepare cleanup materials",
      "tips_for_use": "Let learners feel different soil textures. Connect to plant growth. Create soil texture paintings. Discuss soil uses in art and building.",
      "intended_use": "aid",
      "tlr_type": "manipulative",
      "special_needs": [1, 3],
      "learning_styles": [1, 3],
      "class_size": "small",
      "bloom_level": "apply",
      "budget_band": "low",
      "learning_outcome": "Learners will identify different soil types through sensory exploration and create textured artwork",
      "search_keywords": "soil, textures, art, exploration, gardening, sensory, creative arts, KG1",
      "slug": "soil-types-art-texture-exploration",
      "is_published": true,
      "download_count": 0,
      "last_updated": "2024-01-01T00:00:00Z"
    }
  },
  {
    "model": "suggestor.tlr",
    "pk": 17,
    "fields": {
      "class_level": 3,
      "subject": 1,
      "term": 1,
      "strand": 1,
      "substrand": 1,
      "indicator": 1,
      "standard": 1,
      "themes": [1],
      "key_learning_areas": [1, 2],
      "competencies": [5, 3],
      "resource_types": [12],
      "goals": [3, 4],
      "title": "Body Parts Vocabulary Assessment Checklist",
      "brief_description": "Comprehensive assessment tool to evaluate learners' knowledge of body parts vocabulary and self-description skills",
      "materials": [14, 1],
      "time_needed": "short",
      "steps_to_make": "1. Create assessment checklist with clear criteria\n2. Design observation recording sheet\n3. Prepare picture prompts for assessment\n4. Create rubric for vocabulary use\n5. Design portfolio collection system",
      "tips_for_use": "Observe during natural play. Use multiple assessment opportunities. Record specific examples. Focus on progress, not perfection.",
      "intended_use": "assessment",
      "tlr_type": "flashcard",
      "special_needs": [1, 2, 3, 4, 5, 6],
      "learning_styles": [1, 2, 3, 4, 5],
      "class_size": "small",
      "bloom_level": "evaluate",
      "budget_band": "none",
      "learning_outcome": "Teachers will accurately assess learners' body parts vocabulary and self-description abilities",
      "search_keywords": "assessment, vocabulary, body parts, checklist, observation, evaluation, KG1",
      "slug": "body-parts-vocabulary-assessment-checklist",
      "is_published": true,
      "download_count": 0,
      "last_updated": "2024-01-01T00:00:00Z"
    }
  },
  {
    "model": "suggestor.tlr",
    "pk": 18,
    "fields": {
      "class_level": 3,
      "subject": 2,
      "term": 2,
      "strand": 4,
      "substrand": 15,
      "indicator": 26,
      "standard": 15,
      "themes": [4],
      "key_learning_areas": [7],
      "competencies": [1, 3],
      "resource_types": [12],
      "goals": [3, 5],
      "title": "Community Places Counting Assessment Portfolio",
      "brief_description": "Portfolio-based assessment system to track learners' counting and mathematical thinking about community places",
      "materials": [1, 14, 20],
      "time_needed": "reusable",
      "steps_to_make": "1. Create individual portfolio folders\n2. Design assessment tasks for different counting levels\n3. Prepare photo documentation system\n4. Create progress tracking sheets\n5. Design parent communication forms",
      "tips_for_use": "Collect work samples regularly. Include learner self-reflection. Document growth over time. Share progress with families.",
      "intended_use": "assessment",
      "tlr_type": "manipulative",
      "special_needs": [1, 2, 3, 4, 5, 6],
      "learning_styles": [1, 2, 3, 4, 5],
      "class_size": "medium",
      "bloom_level": "evaluate",
      "budget_band": "low",
      "learning_outcome": "Teachers will track and document learners' mathematical thinking and counting progress over time",
      "search_keywords": "assessment, portfolio, counting, community, documentation, progress, mathematics, KG1",
      "slug": "community-places-counting-assessment-portfolio",
      "is_published": true,
      "download_count": 0,
      "last_updated": "2024-01-01T00:00:00Z"
    }
  },
  {
    "model": "suggestor.contentstandard",
    "pk": 41,
    "fields": {
      "substrand": 34,
      "code": "K2.1.6.1",
      "description": "Demonstrate understanding of how to be safe and identify strangers.",
      "competencies": [3, 5],
      "goals": [1, 2]
    }
  },
  {
    "model": "suggestor.contentstandard",
    "pk": 42,
    "fields": {
      "substrand": 35,
      "code": "K2.2.1.1",
      "description": "Demonstrate understanding of the rights, roles and responsibilities of family members",
      "competencies": [3, 4, 5],
      "goals": [1]
    }
  },
  {
    "model": "suggestor.contentstandard",
    "pk": 43,
    "fields": {
      "substrand": 36,
      "code": "K2.2.2.1",
      "description": "Demonstrate understanding of the origin and history of our families and the languages spoken.",
      "competencies": [3, 4, 1, 2],
      "goals": [1]
    }
  },
  {
    "model": "suggestor.contentstandard",
    "pk": 44,
    "fields": {
      "substrand": 37,
      "code": "K2.2.3.1",
      "description": "Demonstrate understanding of importance of the activities that we engage in during festivals and family celebrations.",
      "competencies": [3, 4, 5, 2],
      "goals": [1]
    }
  },
  {
    "model": "suggestor.contentstandard",
    "pk": 45,
    "fields": {
      "substrand": 38,
      "code": "K2.2.4.1",
      "description": "Demonstrate understanding of the rules and regulations for learners and teachers at school.",
      "competencies": [3, 5, 1, 2],
      "goals": [1, 2]
    }
  },
  {
    "model": "suggestor.tlrimage",
    "pk": 1,
    "fields": {
      "tlr": 1,
      "image": "tlr_images/body_parts_game_setup.jpg",
      "caption": "Circle setup for body parts identification game"
    }
  },
  {
    "model": "suggestor.tlrimage",
    "pk": 2,
    "fields": {
      "tlr": 2,
      "image": "tlr_images/body_functions_poster.jpg", 
      "caption": "Interactive poster showing body parts and their functions"
    }
  },
  {
    "model": "suggestor.tlrimage",
    "pk": 3,
    "fields": {
      "tlr": 3,
      "image": "tlr_images/hygiene_song_activity.jpg",
      "caption": "Children performing hygiene song with actions"
    }
  },
  {
    "model": "suggestor.tlrimage",
    "pk": 4,
    "fields": {
      "tlr": 11,
      "image": "tlr_images/counting_mat_body_parts.jpg",
      "caption": "Floor mat with body outline for counting activities"
   }
 },
 {
   "model": "suggestor.tlrimage",
   "pk": 5,
   "fields": {
     "tlr": 14,
     "image": "tlr_images/drama_station_body_functions.jpg",
     "caption": "Drama station with costumes and props for body functions"
   }
 }, 
  {
    "model": "suggestor.tlrvideo",
    "pk": 1,
    "fields": {
      "tlr": 6,
      "url": "https://example.com/videos/body_care_demonstration.mp4",
      "caption": "Demonstration video showing proper body care techniques"
    }
  },
  {
    "model": "suggestor.tlrvideo",
    "pk": 2,
    "fields": {
      "tlr": 15,
      "url": "https://example.com/videos/ghana_independence_songs.mp4",
      "caption": "Traditional Ghanaian songs for independence celebration"
    }
  }, 
  {
    "model": "suggestor.indicator",
    "pk": 51,
    "fields": {
      "standard": 41,
      "code": "K2.1.6.1.1",
      "description": "Role-play, sing songs and discuss some of the safety measures to protect ourselves in the environment.",
      "competencies": [3, 5],
      "goals": [1]
    }
  },
  {
    "model": "suggestor.indicator",
    "pk": 52,
    "fields": {
      "standard": 42,
      "code": "K2.2.1.1.1",
      "description": "Say a poem about the family, talk about and discuss the rights and roles of the members.",
      "competencies": [3, 4, 5],
      "goals": [1]
    }
  },
  {
    "model": "suggestor.indicator",
    "pk": 53,
    "fields": {
      "standard": 43,
      "code": "K2.2.2.1.1",
      "description": "Sing indigenous songs, talk about and discuss the origin and history of the learners' family.",
      "competencies": [3, 4, 1, 2],
      "goals": [1]
    }
  },
  {
    "model": "suggestor.indicator",
    "pk": 54,
    "fields": {
      "standard": 44,
      "code": "K2.2.3.1.1",
      "description": "discuss importance of activities we engage in during festivals and family celebrations and sing folk tunes and religious songs.",
      "competencies": [3, 4, 5, 2],
      "goals": [1]
    }
  },
  {
    "model": "suggestor.indicator",
    "pk": 55,
    "fields": {
      "standard": 45,
      "code": "K2.2.4.1.1",
      "description": "Talk about and discuss the rules and regulations that guide us to live as good friends in the school family",
      "competencies": [3, 5, 1, 2],
      "goals": [1, 2]
    }
  }, 
  {
    "model": "suggestor.contentstandard",
    "pk": 46,
    "fields": {
      "substrand": 47,
      "code": "K2.6.1.1",
      "description": "Demonstrate understanding of why some things are referred to as living and non- living things.",
      "competencies": [3, 5, 1, 2],
      "goals": [1]
    }
  },
  {
    "model": "suggestor.contentstandard",
    "pk": 47,
    "fields": {
      "substrand": 48,
      "code": "K2.6.2.1",
      "description": "Demonstrate understanding of the importance of domestic and wild animals.",
      "competencies": [3, 5, 1, 2],
      "goals": [1]
    }
  },
  {
    "model": "suggestor.contentstandard",
    "pk": 48,
    "fields": {
      "substrand": 49,
      "code": "K2.6.3.1",
      "description": "Demonstrate understanding that water is an important natural resource that helps all living things, human, plants and animals",
      "competencies": [3, 5, 1, 2],
      "goals": [1]
    }
  },
  {
    "model": "suggestor.contentstandard",
    "pk": 49,
    "fields": {
      "substrand": 50,
      "code": "K2.6.4.1",
      "description": "Demonstrate understanding that air is all around us and it is an important and beneficial natural resource for all living things.",
      "competencies": [3, 5, 1, 2],
      "goals": [1]
    }
  },
  {
    "model": "suggestor.contentstandard",
    "pk": 50,
    "fields": {
      "substrand": 51,
      "code": "K2.6.5.1",
      "description": "Demonstrate understanding of the knowledge that there are different parts of plants and are important sources of food and medicine for other living things",
      "competencies": [3, 5, 1, 2],
      "goals": [1]
    }
  },
  {
    "model": "suggestor.contentstandard",
    "pk": 51,
    "fields": {
      "substrand": 52,
      "code": "K2.6.6.1",
      "description": "Demonstrate understanding of how plants grow and how they prepare their food.",
      "competencies": [3, 5, 1, 2, 6],
      "goals": [1]
    }
  },
  {
    "model": "suggestor.contentstandard",
    "pk": 52,
    "fields": {
      "substrand": 53,
      "code": "K2.6.7.1",
      "description": "Demonstrate understanding of types of soil we find around us and which one helps plant to grow well.",
      "competencies": [3, 5, 1, 2],
      "goals": [1]
    }
  },
  {
    "model": "suggestor.contentstandard",
    "pk": 53,
    "fields": {
      "substrand": 54,
      "code": "K2.6.8.1",
      "description": "Demonstrate understanding of the knowledge that the different types of lights we use during the day or in the night can be classifies as of l into natural and manmade and its usefulness.",
      "competencies": [3, 5, 1, 2],
      "goals": [1]
    }
  },
  {
    "model": "suggestor.contentstandard",
    "pk": 54,
    "fields": {
      "substrand": 55,
      "code": "K2.6.9.1",
      "description": "Demonstrate understanding of positive and negative effects of weather conditions.",
      "competencies": [3, 5, 1, 2],
      "goals": [1]
    }
  },
  {
    "model": "suggestor.contentstandard",
    "pk": 55,
    "fields": {
      "substrand": 56,
      "code": "K2.7.1.1",
      "description": "Demonstrate understanding of the various ways we connect with the global community.",
      "competencies": [3, 4, 6],
      "goals": [1]
    }
  }
]
 

